{
    "accuracy": 0.7601895734597156,
    "precision": 0.5373961218836565,
    "recall": 0.6928571428571428,
    "f1_score": 0.6053042121684867,
    "roc_auc": 0.8207142857142856,
    "classification_report": {
        "0": {
            "precision": 0.8760806916426513,
            "recall": 0.7845161290322581,
            "f1-score": 0.8277739959155889,
            "support": 775.0
        },
        "1": {
            "precision": 0.5373961218836565,
            "recall": 0.6928571428571428,
            "f1-score": 0.6053042121684867,
            "support": 280.0
        },
        "accuracy": 0.7601895734597156,
        "macro avg": {
            "precision": 0.7067384067631539,
            "recall": 0.7386866359447004,
            "f1-score": 0.7165391040420378,
            "support": 1055.0
        },
        "weighted avg": {
            "precision": 0.7861928437445295,
            "recall": 0.7601895734597156,
            "f1-score": 0.7687298826936091,
            "support": 1055.0
        }
    }
}