{
    "accuracy": 0.7545023696682465,
    "precision": 0.5287671232876713,
    "recall": 0.6892857142857143,
    "f1_score": 0.5984496124031008,
    "roc_auc": 0.7791658986175115,
    "classification_report": {
        "0": {
            "precision": 0.8739130434782608,
            "recall": 0.7780645161290323,
            "f1-score": 0.8232081911262799,
            "support": 775.0
        },
        "1": {
            "precision": 0.5287671232876713,
            "recall": 0.6892857142857143,
            "f1-score": 0.5984496124031008,
            "support": 280.0
        },
        "accuracy": 0.7545023696682465,
        "macro avg": {
            "precision": 0.701340083382966,
            "recall": 0.7336751152073733,
            "f1-score": 0.7108289017646903,
            "support": 1055.0
        },
        "weighted avg": {
            "precision": 0.7823103348020853,
            "recall": 0.7545023696682465,
            "f1-score": 0.7635566252092275,
            "support": 1055.0
        }
    }
}