{
    "accuracy": 0.6170616113744076,
    "precision": 0.40189873417721517,
    "recall": 0.9071428571428571,
    "f1_score": 0.5570175438596491,
    "roc_auc": 0.8166059907834101,
    "classification_report": {
        "0": {
            "precision": 0.9385342789598109,
            "recall": 0.512258064516129,
            "f1-score": 0.662771285475793,
            "support": 775.0
        },
        "1": {
            "precision": 0.40189873417721517,
            "recall": 0.9071428571428571,
            "f1-score": 0.5570175438596491,
            "support": 280.0
        },
        "accuracy": 0.6170616113744076,
        "macro avg": {
            "precision": 0.6702165065685131,
            "recall": 0.709700460829493,
            "f1-score": 0.609894414667721,
            "support": 1055.0
        },
        "weighted avg": {
            "precision": 0.7961096793966574,
            "recall": 0.6170616113744076,
            "f1-score": 0.6347039417293282,
            "support": 1055.0
        }
    }
}