{
    "accuracy": 0.7554502369668247,
    "precision": 0.5305555555555556,
    "recall": 0.6821428571428572,
    "f1_score": 0.596875,
    "roc_auc": 0.8201589861751152,
    "classification_report": {
        "0": {
            "precision": 0.8719424460431655,
            "recall": 0.7819354838709678,
            "f1-score": 0.8244897959183674,
            "support": 775.0
        },
        "1": {
            "precision": 0.5305555555555556,
            "recall": 0.6821428571428572,
            "f1-score": 0.596875,
            "support": 280.0
        },
        "accuracy": 0.7554502369668247,
        "macro avg": {
            "precision": 0.7012490007993606,
            "recall": 0.7320391705069125,
            "f1-score": 0.7106823979591836,
            "support": 1055.0
        },
        "weighted avg": {
            "precision": 0.7813373945393448,
            "recall": 0.7554502369668247,
            "f1-score": 0.7640801818357675,
            "support": 1055.0
        }
    }
}