{
    "accuracy": 0.7516587677725118,
    "precision": 0.5254237288135594,
    "recall": 0.6642857142857143,
    "f1_score": 0.5867507886435331,
    "roc_auc": 0.7831958525345623,
    "classification_report": {
        "0": {
            "precision": 0.8659058487874465,
            "recall": 0.7832258064516129,
            "f1-score": 0.8224932249322493,
            "support": 775.0
        },
        "1": {
            "precision": 0.5254237288135594,
            "recall": 0.6642857142857143,
            "f1-score": 0.5867507886435331,
            "support": 280.0
        },
        "accuracy": 0.7516587677725118,
        "macro avg": {
            "precision": 0.695664788800503,
            "recall": 0.7237557603686635,
            "f1-score": 0.7046220067878912,
            "support": 1055.0
        },
        "weighted avg": {
            "precision": 0.775540925950775,
            "recall": 0.7516587677725118,
            "f1-score": 0.7599265119835854,
            "support": 1055.0
        }
    }
}