{
    "accuracy": 0.7630331753554502,
    "precision": 0.5487012987012987,
    "recall": 0.6035714285714285,
    "f1_score": 0.5748299319727891,
    "roc_auc": 0.8067557603686635,
    "classification_report": {
        "0": {
            "precision": 0.8514056224899599,
            "recall": 0.8206451612903226,
            "f1-score": 0.835742444152431,
            "support": 775.0
        },
        "1": {
            "precision": 0.5487012987012987,
            "recall": 0.6035714285714285,
            "f1-score": 0.5748299319727891,
            "support": 280.0
        },
        "accuracy": 0.7630331753554502,
        "macro avg": {
            "precision": 0.7000534605956292,
            "recall": 0.7121082949308756,
            "f1-score": 0.70528618806261,
            "support": 1055.0
        },
        "weighted avg": {
            "precision": 0.7710670341858602,
            "recall": 0.7630331753554502,
            "f1-score": 0.7664955214886399,
            "support": 1055.0
        }
    }
}